{"area":1307,"formFactor":0.009614667646793551,"perimeter":1307,"length":216.566387050253,"width":240.52026941611388,"aspectRatio":0.9004080511633751,"rectangular":39.853562172763006}